{"0.0": 0.08111905128479203, "0.05": 0.0756639039209896, "0.1": 0.07603468627599758, "0.5": 0.0764053312024053, "1.0": 0.06597498892353292, "2.0": 0.0852598439508234, "3.0": 0.08305355513528566, "4.0": 0.0718554371004281, "5.0": 0.07408654335269817, "6.0": 0.08764450985204626, "7.0": 0.08443305597482938, "8.0": 0.07881118042428985, "9.0": 0.07473634611401708, "10.0": 0.0727856697256476}